"","x"
"1","대구폐렴증상17세청소년숨져사후검체검사중"
"2","광주서20대신천지신도극단적선택코로나19"
"3","화천군모든사업현장외지근로자진료확인서발급의"
"4","코로나19검진능력3배가성비좋은고양드라이"
"5","대구경북서하루새추가사망7명늘어국내총"
"6","미래한국당비례대표후보교체추진당선권5명이상"
"7","총선개표참관인공개모집선거권자누구나신청가"
"8","미래한국당비례명단5명이상바꾼다황교안의선택"
"9","더불어시민당민주당의원최소10명영입한다"
"10","통합당강릉선거구공천배제최명희전시장무소속출"
"11","대구폐렴증상17세청소년숨져사후검체검사중"
"12","문대통령경제주체의적극참여중요범국가적"
"13","부산시신천지교인능동감시해제에도시설폐쇄는"
"14","국내드라이브스루선별진료소논문국제학회지에소개"
"15","용산후암동에서확진자1명추가91세男"
"16","IMF베네수엘라마두로에코로나19금융지원거부"
"17","베네수엘라코로나19대응위해IMF에50억불지"
"18","아프리카남미까지코로나덮치면사망자속출할것"
"19","코로나19에닫힌콜롬비아국경베네수엘라난민들어"
"20","브라질코로나19확산에베네수엘라가이아나국경폐"
"21","조현아대한항공리베이트부끄러워불법의사결정관여안해"
"22","참여연대대한항공리베이트의혹조현아조원태고"
"23","권홍사허위공시논란한진3자연합분열하나"
"24","서스틴베스트조원태회장연임반대한진중립성"
"25","난기류앞한진칼경영권다툼격화"
"26","쿠팡새벽배송은비인간적노동중단해사망사고재발막아야"
"27","이재명PC방노래방클럽밀접이용제한행정명령"
"28","개학장기연기에문여는학원들세무조사다시꺼내들까"
"29","코로나19에어로졸형태로최장3시간생존스테인리스에선"
"30","대한항공다음달30일까지파리行운영발묶인교민들안도"
"31","정부내일태풍급강풍선별진료소천막안내판철저히관리"
"32","미래한국당비례대표교체추진당선권5명이상"
"33","질본급하지않은해외여행취소해달라65명국외유입"
"34","범여비례연합더불어시민당출범민주당포함6개당구성"
"35","숨진대구17세소년사후코로나19검사유전자하나서"
"36","코로나19퍼질라미국경서잡힌불법입국자즉시멕시코추방"
"37","강원영동경남울산지역대형산불위험예보발령"
"38","뉴시스앵글"
"39","한국의유적유물"
"40","우주의신비"
"41","세계는지금"
"42","1위도쿄올림픽으로일본은파멸한다자크아탈리"
"43","2위커지는미중갈등기자추방언론보복전점입가경종합"
"44","3위민생당비례연합계파갈등심화김정화당나가달라"
"45","4위보호부양의무외면한가족상속막는구하라법입법청원"
"46","5위민생당바른미래제외비례연합참여의결갈등폭발종합2보"
"47","1위예배안해서코로나왔다전북대형교회목사발언논란"
"48","2위한선교벼랑끝전술불발→제2비례당창당돌입"
"49","3위대구서폐렴증세17세청소년사망사후코로나19검체검사"
"50","4위한계임박대치동노량진문열리고집단감염우려커지고"
"51","5위세월호유가족차명진처벌에머리카락한올선처할생각없다"
"52","단독정부공적마스크10억장9131억원치확보납품사126곳"
"53","3차례음성나온생명샘교회확진자5세아들4번째검사서확진"
"54","숨진대구17세소년사후코로나19검사유전자하나서양성"
"55","배낭여행중페루서발묶인부부같은처지150명있다"
"56","나경원자녀부정입학으로처벌받으면의원직사퇴"
"57","가수최종훈불법촬영인정이제라도처벌받게돼홀가분"
"58","홍혜걸최저10도넘으면코로나19둔화이란대만사례입증"
"59","한선교벼랑끝전술불발→제2비례당창당돌입"
